﻿<?xml version="1.0" encoding="utf-8"?>
<Jugadores>

	<Jugador Codigo="1">
		<Apellido>Tordoya</Apellido>
		<DNI>33444567</DNI>
		<Email>gtordoya@micro.net</Email>
		<FechaNacimiento>8/7/1981 00:00:00</FechaNacimiento>
		<LocalidadResidencia>Almirante Brown</LocalidadResidencia>
		<Nombre>Gerardo</Nombre>
	</Jugador>

	<Jugador Codigo="2">
		<Nombre>Raquel</Nombre>
		<Apellido>Estévez</Apellido>
		<DNI>25963852</DNI>
		<Email>restevez@mailer.net</Email>
		<FechaNacimiento>9/11/1972 00:00:00</FechaNacimiento>
		<LocalidadResidencia>Altos de la Viña</LocalidadResidencia>
	</Jugador>

	<Jugador Codigo="3">
		<Nombre>Andrea</Nombre>
		<Apellido>Aparicio</Apellido>
		<DNI>24521854</DNI>
		<Email>aaparicio</Email>
		<FechaNacimiento>5/1/1980 00:00:00</FechaNacimiento>
		<LocalidadResidencia>Almirante Brown</LocalidadResidencia>
	</Jugador>

	<Jugador Codigo="4">
		<Nombre>Julio</Nombre>
		<Apellido>Richá</Apellido>
		<DNI>36000063</DNI>
		<Email>jricha@editorasa.com</Email>
		<FechaNacimiento>25/10/1996 00:00:00</FechaNacimiento>
		<LocalidadResidencia>Paso Intersindical</LocalidadResidencia>
	</Jugador>

	<Jugador Codigo="5">
		<Nombre>Alfredo</Nombre>
		<Apellido>Severich</Apellido>
		<DNI>21365698</DNI>
		<Email>aseverich@editorasa.com</Email>
		<FechaNacimiento>1970-06-05T00:00:00</FechaNacimiento>
		<LocalidadResidencia>Departamento Manuel Belgrano</LocalidadResidencia>
	</Jugador>

</Jugadores>